year_month,Cybersecurity,Data / AI,IT Support,Networking / Cloud,Other,Software Development,UI/UX,Total_Jobs,lag_1,lag_2,lag_3,rolling_mean_3,rolling_mean_6,growth_rate
2022-01-01,7.0,4.0,8.0,9.0,1.0,21.0,4.0,54.0,,,,,,
2022-02-01,3.0,9.0,2.0,9.0,1.0,23.0,7.0,54.0,54.0,,,,,
2022-03-01,8.0,11.0,4.0,6.0,0.0,27.0,3.0,59.0,54.0,54.0,,,,0.0
2022-04-01,6.0,20.0,11.0,11.0,3.0,30.0,7.0,88.0,59.0,54.0,54.0,55.666666666666664,,0.09259257544581935
2022-05-01,6.0,17.0,7.0,16.0,2.0,31.0,2.0,81.0,88.0,59.0,54.0,67.0,,0.4915253404194338
2022-06-01,9.0,11.0,9.0,11.0,2.0,24.0,6.0,72.0,81.0,88.0,59.0,76.0,,-0.07954544550619937
2022-07-01,11.0,12.0,7.0,10.0,1.0,43.0,6.0,90.0,72.0,81.0,88.0,80.33333333333333,68.0,-0.11111109739369168
2022-08-01,12.0,19.0,6.0,16.0,5.0,33.0,6.0,97.0,90.0,72.0,81.0,81.0,74.0,0.2499999652777826
2022-09-01,9.0,11.0,8.0,10.0,1.0,34.0,8.0,81.0,97.0,90.0,72.0,86.33333333333333,81.16666666666667,0.07777776913580342
2022-10-01,11.0,16.0,2.0,19.0,6.0,37.0,5.0,96.0,81.0,97.0,90.0,89.33333333333333,84.83333333333333,-0.16494843660325395
2022-11-01,10.0,19.0,9.0,16.0,3.0,29.0,8.0,94.0,96.0,81.0,97.0,91.33333333333333,86.16666666666667,0.18518516232281945
2022-12-01,9.0,22.0,10.0,17.0,3.0,44.0,5.0,110.0,94.0,96.0,81.0,90.33333333333333,88.33333333333333,-0.02083333116319467
2023-01-01,6.0,24.0,11.0,16.0,5.0,50.0,5.0,117.0,110.0,94.0,96.0,100.0,94.66666666666667,0.17021274784970766
2023-02-01,6.0,24.0,8.0,10.0,5.0,46.0,12.0,111.0,117.0,110.0,94.0,107.0,99.16666666666667,0.0636363578512402
2023-03-01,15.0,16.0,16.0,12.0,4.0,47.0,8.0,118.0,111.0,117.0,110.0,112.66666666666667,101.5,-0.05128204689897035
2023-04-01,6.0,26.0,10.0,14.0,10.0,50.0,12.0,128.0,118.0,111.0,117.0,115.33333333333333,107.66666666666667,0.06306305738170655
2023-05-01,12.0,19.0,12.0,19.0,7.0,50.0,11.0,130.0,128.0,118.0,111.0,119.0,113.0,0.08474575553002071
2023-06-01,8.0,17.0,11.0,17.0,8.0,44.0,8.0,113.0,130.0,128.0,118.0,125.33333333333333,119.0,0.01562499877929697
2023-07-01,7.0,21.0,11.0,14.0,4.0,39.0,10.0,106.0,113.0,130.0,128.0,123.66666666666667,119.5,-0.13076922071005995
2023-08-01,15.0,19.0,17.0,25.0,1.0,34.0,8.0,119.0,106.0,113.0,130.0,116.33333333333333,117.66666666666667,-0.06194689717284096
2023-09-01,6.0,19.0,12.0,21.0,1.0,60.0,18.0,137.0,119.0,106.0,113.0,112.66666666666667,119.0,0.12264149786400963
2023-10-01,11.0,22.0,6.0,25.0,5.0,41.0,5.0,115.0,137.0,119.0,106.0,120.66666666666667,122.16666666666667,0.151260491490715
2023-11-01,18.0,19.0,10.0,18.0,8.0,53.0,4.0,130.0,115.0,137.0,119.0,123.66666666666667,120.0,-0.16058392988438466
2023-12-01,8.0,17.0,12.0,19.0,2.0,49.0,5.0,112.0,130.0,115.0,137.0,127.33333333333333,120.0,0.13043477126654163
2024-01-01,7.0,25.0,17.0,21.0,5.0,44.0,15.0,134.0,112.0,130.0,115.0,119.0,119.83333333333333,-0.1384615278106517
2024-02-01,11.0,20.0,14.0,16.0,6.0,51.0,7.0,125.0,134.0,112.0,130.0,125.33333333333333,124.5,0.1964285538903077
2024-03-01,6.0,24.0,9.0,18.0,7.0,46.0,10.0,120.0,125.0,134.0,112.0,123.66666666666667,125.5,-0.06716417409222582
2024-04-01,11.0,28.0,9.0,15.0,1.0,59.0,6.0,129.0,120.0,125.0,134.0,126.33333333333333,122.66666666666667,-0.039999996800000256
2024-05-01,7.0,26.0,14.0,18.0,4.0,47.0,12.0,128.0,129.0,120.0,125.0,124.66666666666667,125.0,0.07499999375000052
2024-06-01,9.0,16.0,12.0,26.0,8.0,42.0,9.0,122.0,128.0,129.0,120.0,125.66666666666667,124.66666666666667,-0.007751937383570745
2024-07-01,7.0,27.0,14.0,24.0,5.0,53.0,13.0,143.0,122.0,128.0,129.0,126.33333333333333,126.33333333333333,-0.04687499633789091
2024-08-01,14.0,27.0,14.0,11.0,9.0,49.0,6.0,130.0,143.0,122.0,128.0,131.0,127.83333333333333,0.1721311334318743
2024-09-01,7.0,19.0,15.0,12.0,2.0,51.0,10.0,116.0,130.0,143.0,122.0,131.66666666666666,128.66666666666666,-0.09090908455181226
2024-10-01,13.0,23.0,15.0,16.0,4.0,49.0,15.0,135.0,116.0,130.0,143.0,129.66666666666666,128.0,-0.10769229940828466
2024-11-01,12.0,27.0,13.0,32.0,281.0,148.0,8.0,521.0,135.0,116.0,130.0,127.0,129.0,0.16379308932818196
2024-12-01,12.0,31.0,12.0,14.0,2.0,69.0,6.0,146.0,521.0,135.0,116.0,257.3333333333333,194.5,2.8592590474622925
2025-01-01,14.0,35.0,20.0,37.0,365.0,218.0,18.0,707.0,146.0,521.0,135.0,267.3333333333333,198.5,-0.719769659889258
2025-02-01,25.0,479.0,15.0,103.0,1268.0,1699.0,5.0,3594.0,707.0,146.0,521.0,458.0,292.5,3.84246549024209
2025-03-01,9.0,31.0,13.0,18.0,8.0,57.0,9.0,145.0,3594.0,707.0,146.0,1482.3333333333333,869.8333333333334,4.083451144505641
2025-04-01,7.0,30.0,14.0,18.0,9.0,61.0,12.0,151.0,145.0,3594.0,707.0,1482.0,874.6666666666666,-0.9596549778529354
2025-05-01,14.0,20.0,9.0,16.0,5.0,41.0,13.0,118.0,151.0,145.0,3594.0,1296.6666666666667,877.3333333333334,0.04137930749108224
2025-06-01,15.0,27.0,12.0,20.0,9.0,49.0,13.0,145.0,118.0,151.0,145.0,138.0,810.1666666666666,-0.21854303188456742
2025-07-01,9.0,27.0,18.0,20.0,10.0,67.0,12.0,163.0,145.0,118.0,151.0,138.0,810.0,0.22881353993105594
2025-08-01,7.0,30.0,13.0,28.0,6.0,52.0,11.0,147.0,163.0,145.0,118.0,142.0,719.3333333333334,0.12413792247324672
2025-09-01,12.0,30.0,16.0,13.0,65.0,59.0,7.0,202.0,147.0,163.0,145.0,151.66666666666666,144.83333333333334,-0.09815950318039858
2025-10-01,11.0,38.0,25.0,40.0,546.0,182.0,14.0,856.0,202.0,147.0,163.0,170.66666666666666,154.33333333333334,0.3741496344115895
2025-11-01,12.0,28.0,10.0,23.0,6.0,61.0,10.0,150.0,856.0,202.0,147.0,401.6666666666667,271.8333333333333,3.2376236020978415
2025-12-01,8.0,26.0,19.0,25.0,8.0,71.0,11.0,168.0,150.0,856.0,202.0,402.6666666666667,277.1666666666667,-0.8247663455050661
2026-01-01,12.0,26.0,19.0,31.0,6.0,54.0,11.0,159.0,168.0,150.0,856.0,391.3333333333333,281.0,0.11999999200000053
2026-02-01,10.0,15.0,11.0,24.0,6.0,48.0,16.0,130.0,159.0,168.0,150.0,159.0,280.3333333333333,-0.05357142538265325
2026-03-01,13.0,18.0,12.0,22.0,4.0,66.0,9.0,144.0,130.0,159.0,168.0,152.33333333333334,277.5,-0.18238992563585374
2026-04-01,15.0,37.0,11.0,20.0,8.0,72.0,11.0,174.0,144.0,130.0,159.0,144.33333333333334,267.8333333333333,0.10769229940828466
2026-05-01,21.0,23.0,10.0,20.0,7.0,57.0,7.0,145.0,174.0,144.0,130.0,149.33333333333334,154.16666666666666,0.20833331886574175
2026-06-01,15.0,38.0,18.0,23.0,6.0,70.0,10.0,180.0,145.0,174.0,144.0,154.33333333333334,153.33333333333334,-0.16666665708812314
2026-07-01,12.0,30.0,17.0,18.0,6.0,64.0,10.0,157.0,180.0,145.0,174.0,166.33333333333334,155.33333333333334,0.24137929369797975
2026-08-01,7.0,26.0,14.0,20.0,7.0,53.0,10.0,137.0,157.0,180.0,145.0,160.66666666666666,155.0,-0.12777777067901275
2026-09-01,6.0,25.0,9.0,8.0,8.0,38.0,8.0,102.0,137.0,157.0,180.0,158.0,156.16666666666666,-0.1273885269179282
